"country","journal","n.useable.papers","n.authors","gender.ratio.of.sample","observed.alpha","lower.95.CI","upper.95.CI","alpha.adjusted","lower.95.CI2","upper.95.CI2","two.tail.p.value"
"USA","A A Case Rep",72,269,31.9702602230483,-0.0600536160581909,-0.120028005455591,0.0121264257691323,-0.0536782370846419,-0.111974294224037,0.0124491940167884,0.258
"USA","Acad Med",144,535,53.2710280373832,0.110264160401002,0.0279618934296664,0.174956165296151,0.112774603174603,0.0300034452613957,0.175609529009495,0.005
"USA","ACS Appl Mater Interfaces",64,249,20.8835341365462,0.0755271378367824,-0.0158184868240123,0.199278736922119,0.0833958554136219,-0.00617231578613789,0.201266749312719,0.165
"Poland","Acta Biochim Pol",60,255,71.3725490196078,0.0351336530397195,-0.0655343315305873,0.120540242308048,0.0413566374916668,-0.0587047846769778,0.130643793700087,0.494
"Iran","Acta Med Iran",58,237,41.3502109704641,0.0224626129999791,-0.0831970732104671,0.105235810825662,0.0309303577546126,-0.0801704931707455,0.116414346310504,0.675
"Portugal","Acta Med Port",59,231,51.0822510822511,0.175123743812809,0.00532041373149744,0.245650704372872,0.182893355332233,0.0138058754457794,0.248381307299665,0
"USA","Addict Behav",81,339,53.9823008849558,0.0253102544086151,-0.0520465249642574,0.139364727137529,0.0294182479633299,-0.0446481823464575,0.153924384646168,0.567
"Iran","Adv Biomed Res",105,423,36.4066193853428,0.0844642081232628,-0.0112136753531997,0.148977037435701,0.0872795552827417,-0.00600246888574772,0.145643745398719,0.048
"Poland","Adv Clin Exp Med",55,241,55.6016597510373,0.149730984596377,0.0363967957968166,0.268848209553307,0.154077742130469,0.041282423806999,0.269196640449687,0.003
"USA","Adv Exp Med Biol",56,168,36.9047619047619,0.00474741326841144,-0.145995261533941,0.0780418052408477,0.0110772976262933,-0.140442369450146,0.098950503307216,0.96
"USA","AIDS",66,459,48.5838779956427,0.0749152221571846,0.00619952032984289,0.108277444299917,0.0759231666714376,0.00551459702760372,0.112083372956599,0.01
"USA","Am Fam Physician",97,227,48.8986784140969,0.0950088019053537,-0.0484838703207024,0.268427080685839,0.105778191985089,-0.0538251276417353,0.259413230491302,0.259
"USA","Am J Bot",57,183,41.5300546448087,0.163612887358583,0.0203610883797054,0.31471081002331,0.169902852926709,0.0157370018778103,0.321530794111032,0.032
"USA","Am J Crit Care",53,232,66.8103448275862,0.0102499650886748,-0.0507149958623615,0.103504040069897,0.0183741297105352,-0.0398578361521687,0.114096709582687,0.855
"USA","Am J Dermatopathol",58,216,51.8518518518519,0.0651785714285715,-0.054969326797962,0.150067016976651,0.075206043956044,-0.0455334466233857,0.163071581631541,0.299
"USA","Am J Emerg Med",103,407,30.4668304668305,0.0710210032947409,-0.00712933907806605,0.151217021034394,0.0758846135057237,-0.00369036060766191,0.155286276121197,0.113
"USA","Am J Gastroenterol",57,214,27.1028037383178,-0.021975916803503,-0.0900976470519015,0.0766486362937262,-0.016443518167656,-0.0838664953090827,0.0733866908855885,0.747
"USA","Am J Manag Care",63,279,50.8960573476703,0.0457423372350894,-0.0400360424996939,0.148568746760155,0.0504685044574014,-0.0328476944182748,0.161375627181354,0.335
"USA","Am J Med",70,243,27.1604938271605,0.0306625577812019,-0.0743766195192493,0.0961576907030109,0.0332819722650232,-0.0694978009110107,0.0974238120077246,0.603
"USA","Am J Obstet Gynecol",69,255,57.6470588235294,0.0267332241538591,-0.0823573504628758,0.0844902964404802,0.0274838330393886,-0.0824574719776626,0.0748588670035915,0.674
"USA","Am J Orthop",75,291,11.340206185567,0.130144467935166,0.0210940447013796,0.198540282681793,0.138424947145877,0.033903579514663,0.217204256500214,0.012
"USA","Am J Pharm Educ",55,177,66.1016949152542,0.136011396011396,-0.0206276846599962,0.262829283435862,0.141756885090218,-0.023291276839681,0.264243079653718,0.071
"USA","Am J Public Health",162,580,55.1724137931034,0.125236378205128,0.030759057062398,0.167018908784517,0.12868418040293,0.0398829700516902,0.176381959054826,0.001
"USA","Am J Sports Med",91,463,19.6544276457883,0.0226458683831955,-0.0189175594774017,0.0896703578314264,0.0259975026680095,-0.0235003566822267,0.0998189923774573,0.505
"USA","Am J Surg",99,518,38.2239382239382,0.037140805147434,-0.0180649085766322,0.0832555747229215,0.0409804563947557,-0.0121898127372566,0.0872096719848225,0.255
"USA","Am Surg",130,640,30.3125,0.0492481029210723,0.00758404354254742,0.123223444433193,0.0536355451061197,0.00974891748096494,0.130375726607321,0.099
"USA","Anal Chem",98,350,30.2857142857143,0.0268004433446747,-0.0608975142119033,0.0871671496539792,0.0289495051036188,-0.059644921667185,0.0960452615643389,0.572
"Turkey","Anatol J Cardiol",85,461,16.7028199566161,0.0251868025102603,-0.0155363600886735,0.0741305056466467,0.0307110242225908,-0.00689883997052978,0.0793415952500059,0.447
"USA","Anesth Analg",126,501,27.1457085828343,0.157790951997237,0.070575228280766,0.209799435385788,0.158923463220905,0.0616195467400646,0.207476793453324,0
"USA","Anesthesiology",93,317,27.7602523659306,0.0456986033132321,-0.0509549772705075,0.0997700445866933,0.0498630251359509,-0.0495410212201974,0.109851060162951,0.395
"USA","Ann Emerg Med",79,208,26.9230769230769,0.107268170426065,-0.032758881482628,0.242028858746935,0.115256892230576,-0.0163592504197042,0.252132541832522,0.207
"USA","Ann Pharmacother",52,178,52.247191011236,0.0647775669407548,-0.0742485036311729,0.184495194427824,0.0668016023613747,-0.0680854667168311,0.185405613580753,0.38
"USA","Ann Plast Surg",60,257,27.2373540856031,-0.00475790316126457,-0.0864688934420588,0.0567175195695562,0.00373967768925743,-0.0692247874925996,0.0682259428822511,0.928
"USA","Ann Surg",83,419,24.8210023866348,0.11212615316782,0.0417001876343975,0.181300832161652,0.116300069529236,0.0427792113620837,0.189216956876593,0.001
"USA","Ann Thorac Surg",95,420,25.4761904761905,0.0262856687866392,-0.0318087392275119,0.0820130353634234,0.0302767907796124,-0.0294878673881873,0.0923905431782593,0.528
"USA","Ann Transl Med",65,186,32.7956989247312,-0.0672131147540984,-0.134685915245582,0.0901620060866047,-0.063016393442623,-0.13748761592007,0.100719245776184,0.424
"USA","Antimicrob Agents Chemother",126,633,36.1769352290679,0.0828870527414564,0.0047256733260088,0.122782719575042,0.0834568383538292,0.00912598024522905,0.122004745097101,0.007
"Australia","ANZ J Surg",59,215,20.9302325581395,-0.0317055711173359,-0.101964740009551,0.0248700386622644,-0.023688141923436,-0.0962122803598147,0.0298580450117846,0.634
"USA","Appetite",61,256,80.859375,0.0692788364483129,-0.0720733724472907,0.167943324959741,0.072081613873983,-0.0730414201086223,0.170723127825917,0.188
"USA","Appl Environ Microbiol",83,387,39.7932816537468,-0.0170758119869094,-0.0679339587827921,0.0429101658550368,-0.0152878084515117,-0.0659281702025626,0.0444376978749023,0.637
"Egypt","Arab J Urol",60,312,7.69230769230769,0.179976851851852,0.0783934405346346,0.274896192672229,0.188078703703704,0.086459278125751,0.276900955535397,0
"USA","Arch Pathol Lab Med",58,195,38.974358974359,0.0706445257528849,-0.0361782145686413,0.135715109345639,0.0790579389650597,-0.0285734838548464,0.148371163110553,0.33
"Brazil","Arq Bras Cardiol",53,268,39.5522388059701,0.0885503902624797,0.00654552775151704,0.143612408743965,0.0937646741280563,0.00818767145293482,0.147576462276336,0.053
"USA","Arthroscopy",50,246,12.6016260162602,-0.0389068695745365,-0.0791537809991803,0.0288195447606754,-0.0308455685349909,-0.0700364191712963,0.0356320142246656,0.418
"Iran","Asian Pac J Cancer Prev",103,463,37.1490280777538,0.0527391037130908,-0.0180003018752545,0.122528735214668,0.0551608945744045,-0.0146718217795585,0.127976941159642,0.139
"USA","Behav Brain Res",74,318,49.3710691823899,0.0152380198825584,-0.0561325959892007,0.120550876944938,0.0179523263196168,-0.0559221011486955,0.126842471398133,0.748
"USA","Biochemistry",108,417,30.6954436450839,0.00969263624567485,-0.0656035592862584,0.12330142720751,0.0101946431145989,-0.0644484663166666,0.119205481943629,0.818
"USA","Biochim Biophys Acta",122,402,36.318407960199,-0.00090776357632083,-0.0755980527140004,0.0591532738095238,0.0030687505096218,-0.0704345227646597,0.0677917869705862,0.979
"USA","Biomed Res Int",55,207,42.0289855072464,-0.00856321839080454,-0.0946766052325533,0.0694690258448729,-0.00462643678160912,-0.0918024089036643,0.0627633078425844,0.884
"USA","Bioorg Med Chem Lett",55,258,28.6821705426357,0.0278170639583682,-0.0660462603519669,0.0621513132328816,0.032136911756477,-0.05404740766446,0.0700831854714455,0.548
"USA","Biophys J",50,168,30.3571428571429,0.0474275180157534,-0.0684732772587944,0.209661401639136,0.0549019607843137,-0.0667075354582368,0.208264839380434,0.517
"United Kingdom","BMJ",75,197,42.6395939086294,0.135928501193988,-0.0226776315789473,0.227472569466422,0.138708034836353,-0.029426903339492,0.22438304719681,0.107
"USA","BMJ",52,145,29.6551724137931,0.0584272468677394,-0.111277487550044,0.212560186143858,0.064702625236141,-0.107141945034174,0.208652336864045,0.507
"India","BMJ Case Rep",107,385,18.7012987012987,0.0546976689149213,-0.0181968238183025,0.149325694917698,0.0569459235593421,-0.0140451236219052,0.157188821400981,0.24
"Portugal","BMJ Case Rep",57,210,62.3809523809524,0.134215866267272,-0.0317796686072548,0.23544055580798,0.145424678712919,-0.0204327350758296,0.248469183160854,0.03
"United Kingdom","BMJ Case Rep",56,174,29.8850574712644,-0.0148171500630517,-0.171466752172793,0.103056427764487,0,-0.170879390985619,0.110091687611069,0.873
"USA","BMJ Case Rep",167,550,32.1818181818182,0.0905671427778031,-0.0116036007755779,0.170454499427525,0.0952474717640348,-0.0038020321760817,0.172914224191141,0.023
"United Kingdom","BMJ Open",62,273,59.3406593406593,0.124585696807919,-0.00313793679461226,0.158112155268162,0.127202202202202,0.000149908753493505,0.159729322821055,0.011
"United Kingdom","BMJ Qual Improv Rep",65,209,52.1531100478469,0.129195718654434,-0.0433174050559475,0.187579831874486,0.131663608562691,-0.0469754553749322,0.197339401432605,0.058
"USA","Brain Res",82,308,38.6363636363636,0.0645443362530197,-0.039610207092238,0.0958715738059725,0.0699716923806559,-0.0366617231530396,0.0980959892799923,0.21
"France","Bull Cancer",50,236,48.728813559322,0.121304518932978,0.0306262192969412,0.217811188579523,0.124064587147591,0.0239731049287718,0.227822485648656,0.011
"Brazil","Cad Saude Publica",50,189,69.3121693121693,0.108765464595946,-0.0454472506749025,0.205487402234685,0.119577520400105,-0.03873346318146,0.210658692106892,0.082
"Canada","Can J Cardiol",50,206,24.7572815533981,0.00366013071895421,-0.0570777087353728,0.133247681932667,0.00947240544963507,-0.0524478928368217,0.147433284115743,0.944
"Canada","Can J Neurol Sci",52,237,42.6160337552743,0.16768330194364,0.0431371767983568,0.209544844309162,0.172444702453439,0.0466389147050694,0.216140267377718,0
"USA","Cancer",74,259,44.4015444015444,0.0768816306715923,0.000892814353687218,0.174980856120628,0.0819429347826087,-0.00459877942392439,0.178148938474289,0.215
"USA","Card Electrophysiol Clin",73,171,15.7894736842105,-0.0702160493827161,-0.159254777070064,0.156707534165414,-0.0586419753086419,-0.144274521774522,0.16373260202878,0.489
"USA","Cardiol Young",65,245,40.4081632653061,0.127138969604723,0.0263197918902114,0.268706561911406,0.135199022185324,0.0333564060249126,0.275232323353859,0.03
"USA","Cell",112,347,32.5648414985591,0.0947274537982503,-0.00739351930639315,0.157321466356839,0.0939392506870383,-0.0117649070240294,0.162756552987522,0.095
"USA","Cell Rep",67,376,37.2340425531915,0.0511266067803599,-0.0339929966355009,0.0987345660294776,0.0579677176468945,-0.0309923696292643,0.107667116305174,0.181
"Germany","Chem Commun (Camb)",55,235,25.531914893617,-0.0630952380952381,-0.124136326947147,0.0183828194983577,-0.0526485260770975,-0.11858752947662,0.0212654167374282,0.231
"USA","Chem Commun (Camb)",84,297,26.9360269360269,0.125195852534562,-0.000988894620003366,0.205329004977253,0.130267445687953,-0.00145396198081096,0.212351871944366,0.016
"USA","Chemosphere",55,213,32.8638497652582,0.028981018981019,-0.0730516052176681,0.155619966113437,0.0373559773559774,-0.0594482815989762,0.167499327061827,0.655
"Brazil","Cien Saude Colet",55,213,74.6478873239437,0.0978811021263851,0.00594990443538639,0.26208674349657,0.106644121659845,0.0228589895971711,0.275799705964117,0.098
"Mexico","Cir Cir",53,260,27.6923076923077,0.0235914105594957,-0.0424124214903352,0.0782353374426649,0.0294523246650906,-0.0403629506977075,0.0831437662083952,0.607
"USA","Circ Res",64,213,29.5774647887324,0.0384776334776336,-0.0368450639897832,0.171722964926923,0.0422106782106782,-0.0237562359986631,0.182181482568663,0.604
"USA","Circulation",122,451,29.7117516629712,0.137827872803625,0.0864004230531484,0.216476642496442,0.141441617325604,0.0885905972125765,0.224724401882637,0.001
"USA","Clin Gastroenterol Hepatol",55,186,26.8817204301075,0.195963800904977,-0.0217708304582703,0.220278716676661,0.201955882352941,-0.00136463271909516,0.219819932013592,0.003
"USA","Clin Pediatr (Phila)",82,301,65.1162790697674,0.00300453514739235,-0.0348030687613398,0.163677363724854,0.0105515063168125,-0.030571961789415,0.169581889955489,0.952
"Romania","Clujul Med",75,278,57.9136690647482,0.111978704525288,-0.0014470233937511,0.223269864345338,0.120982008559648,0.000390753681580194,0.239065720975526,0.036
"Canada","CMAJ",94,278,30.9352517985612,0.219119139904024,0.063814327882172,0.290853465702055,0.221115956072351,0.0545756512298019,0.297094282181567,0
"Australia","Cochrane Database Syst Rev",64,268,59.7014925373134,0.0738756613756614,-0.0424522099144198,0.158819297194769,0.0805004409171076,-0.0338857128025355,0.155778388248091,0.131
"United Kingdom","Cochrane Database Syst Rev",146,656,54.8780487804878,0.0660524810524811,-0.011465149235293,0.106596055085363,0.0677543615043615,-0.00534616162821536,0.107606474433008,0.037
"USA","Contraception",53,205,72.6829268292683,0.111086380861069,-0.0335673211868316,0.205834299605728,0.117422080689099,-0.0349056847289899,0.203800044186463,0.089
"USA","Crit Care Med",108,428,30.8411214953271,0.0637132855882856,0.0275890439153895,0.140183979408708,0.0668056839931839,0.0273448443654554,0.142504267528498,0.147
"USA","Curr Biol",91,285,31.2280701754386,0.0447753776835409,-0.057490646859137,0.122766946470277,0.0464129928200668,-0.051541667609628,0.119942520467669,0.441
"USA","Curr Opin Pediatr",63,160,51.875,-0.151619464872477,-0.286415791616918,0.0153460706015012,-0.150211234548584,-0.29213348070512,0.00170586962390542,0.117
"USA","Cutis",66,206,57.7669902912621,0.0588428474838211,-0.0690222423744838,0.197191054755495,0.0659937538233684,-0.0573460204453866,0.207367376425968,0.402
"Germany","Dalton Trans",53,251,20.7171314741036,-0.0250233156012051,-0.0575331406525458,0.0748758501654082,-0.0157182048827778,-0.0448808529362058,0.083494834370563,0.634
"USA","Dalton Trans",73,288,23.2638888888889,0.0451002904031877,-0.0368948268319769,0.175169900907688,0.0547694623199452,-0.0292443446309492,0.184376332162032,0.4
"USA","Data Brief",50,190,34.2105263157895,0.0845479853479854,-0.0359088696498923,0.187244326844662,0.0972410256410257,-0.0213438312066821,0.208399488731528,0.188
"USA","Dermatol Surg",105,353,45.6090651558074,0.0792337541900818,0.00223217121776968,0.187872835369506,0.0851252223413521,0.00492926048784741,0.185410753132519,0.123
"USA","Dev Cell",61,192,41.6666666666667,0.0546938775510203,-0.0694656299327089,0.152481702728469,0.0548894557823129,-0.0628986114651999,0.153479905469075,0.46
"USA","Development",52,201,45.771144278607,0.0598944384295401,-0.0414487543003583,0.151851573677592,0.0678707951070335,-0.0355266779150107,0.154538381696404,0.333
"USA","Drug Alcohol Depend",106,488,50.2049180327869,0.0164443411911288,-0.0472683184131671,0.0736229089193825,0.0167015437461393,-0.045571185190409,0.0716920693862616,0.627
"USA","Ear Nose Throat",62,199,27.6381909547739,0.209360269360269,0.0499849497336776,0.294185975125284,0.215248316498316,0.0554246422171983,0.302905682962992,0.001
"USA","Ecol Evol",60,182,30.7692307692308,0.105820105820106,-0.0562556200987674,0.268019476246875,0.111772486772487,-0.0518302277432712,0.260248416988234,0.182
"Brazil","Einstein (Sao Paulo)",80,347,54.4668587896254,0.228954786534654,0.106165080582652,0.286211162450988,0.233743393008513,0.104008228861859,0.291872334530536,0
"Iran","Electron Physician",69,297,32.996632996633,0.123051481899292,-0.0067332342135962,0.221028718186184,0.125006409599015,-0.00765729357580472,0.222480152149903,0.01
"USA","Elife",90,324,40.4320987654321,0.0732863647377237,-0.0356387772035189,0.121576687999385,0.0766503017771599,-0.0372051916156584,0.12230180087101,0.172
"Iran","Emerg (Tehran)",75,341,22.8739002932551,-0.00955770043222515,-0.0837146449343062,0.0808585240345284,-0.00625333686170187,-0.0807898829227137,0.079538097327333,0.823
"USA","Endocrinology",54,246,58.9430894308943,0.0563514282462729,-0.0392764209679199,0.0997217884561448,0.0612177079776943,-0.0377482342684267,0.100063873211736,0.254
"USA","Environ Sci Technol",140,567,31.9223985890653,0.0287443105373143,-0.02907754921993,0.0778287200433561,0.0322656943291444,-0.0178544650102692,0.0866333993822429,0.421
"USA","Environ Toxicol Chem",55,216,39.8148148148148,-0.0225913621262458,-0.0955718168210705,0.0579794319386419,-0.016084845387171,-0.0906032752256037,0.0624997648891151,0.704
"USA","Eur Urol",56,158,18.9873417721519,-0.0869357638888889,-0.146311968240326,0.0458196608196608,-0.068576388888889,-0.119992724365075,0.0552730994118072,0.328
"USA","F1000Res",95,255,33.7254901960784,0.0336845623071026,-0.0713619387008312,0.161611689960578,0.0403536535021329,-0.0661521377919571,0.177637119100811,0.62
"USA","Front Immunol",59,212,47.1698113207547,0.00435714285714284,-0.0922875878707898,0.0978903703075682,0.0129345238095239,-0.080878952130277,0.102171193910569,0.947
"USA","Front Microbiol",105,447,39.5973154362416,0.00537432888656997,-0.0531877160603603,0.0658702444625702,0.00950559989637201,-0.0417328303328445,0.0701203584522601,0.878
"USA","Front Neurosci",56,185,37.2972972972973,0.0716100283191737,-0.0679801387029218,0.135607187327062,0.0808420194664573,-0.0544967336759791,0.150843602031714,0.348
"Germany","Front Psychol",70,199,46.2311557788945,0.0539211702559935,-0.0809952994990416,0.221477516035723,0.0572768522280915,-0.0783755448072856,0.228370224043093,0.465
"Italy","Front Psychol",76,276,61.9565217391304,0.149429128376497,0.0510856209779163,0.256424501845294,0.151155666945141,0.0595608776948136,0.266612896117128,0.004
"USA","Front Psychol",153,455,55.1648351648352,0.0901980314037966,0.000511778768376404,0.152555429704704,0.0912086946332319,0.000896594420093324,0.158848645983886,0.068
"USA","G3 (Bethesda)",64,216,40.2777777777778,0.0233932867453317,-0.097767275229791,0.13222816494423,0.0276778554244473,-0.08944622801463,0.131482276071205,0.734
"USA","Gastroenterology",61,169,33.7278106508876,-0.0750748398774714,-0.17046520857343,0.0374616486916647,-0.0647103870788082,-0.156801432242222,0.0563153588089429,0.391
"USA","Gastrointest Endosc",120,380,17.6315789473684,0.103694217184275,-0.026249994188194,0.190592786204854,0.107254689582666,-0.0198993827028866,0.192697468964705,0.043
"USA","Genetics",75,270,38.8888888888889,0.0425974025974025,-0.0464991016117918,0.13066623342146,0.0524675324675324,-0.0404152277146747,0.139047736261457,0.456
"USA","Genome Announc",106,412,33.252427184466,-0.00639074793819316,-0.0845519218193862,0.038030471334509,-0.00406180680633234,-0.0847729014517237,0.0370420887297695,0.896
"Iran","Glob J Health Sci",56,233,41.2017167381974,0.0951093200865099,-0.0158662276189854,0.162176401546322,0.0997013550959718,-0.0125035565940938,0.163877682379678,0.071
"USA","Gynecol Oncol",67,388,56.4432989690722,0.0583873659986167,0.0128184913807514,0.119895380153897,0.0625121398405016,0.00946876231559404,0.123299084984389,0.088
"India","Indian Dermatol Online",53,167,39.5209580838323,0.0630363036303631,-0.0914580280830281,0.185287858082864,0.0668066806680668,-0.0897304965510143,0.191413963909373,0.423
"India","Indian J Anaesth",62,210,45.7142857142857,0.028234649122807,-0.114725108712068,0.109886488791305,0.0340369152046784,-0.105403098645456,0.119199370620711,0.666
"India","Indian J Dermatol",72,231,43.7229437229437,-0.0579436405178979,-0.154812251929213,0.0141415683077793,-0.0539527798933739,-0.148729525843084,0.0251387717095996,0.381
"India","Indian Pediatr",72,202,40.0990099009901,0.110328878005646,-0.0461466503267975,0.2271875,0.11988232493283,-0.0321573957909177,0.248639884318204,0.149
"USA","Infect Immun",51,212,41.5094339622642,0.00860913280268116,-0.0822470697797977,0.0833525773860596,0.0183642298561653,-0.0731564544491419,0.0943766720427952,0.882
"USA","Inflamm Bowel Dis",70,416,41.3461538461538,0.0821402302530782,0.0396020825379563,0.15660958338931,0.0857253434073869,0.042252030013332,0.161752121779837,0.014
"USA","Inorg Chem",88,346,26.878612716763,0.139742445492796,0.0381003554393984,0.238690030470494,0.145441997615911,0.0401271492078608,0.242395610411755,0.002
"USA","Insects",54,167,32.3353293413174,0.0475909537856442,-0.0792286872484241,0.160986731452835,0.0519993444772207,-0.0815952644708947,0.173790369088516,0.574
"Italy","Int J Cardiol",79,433,26.5588914549654,0.0135598895073874,-0.0517593923773973,0.0491761824797169,0.0162950095661334,-0.0518258012490098,0.0531506603510099,0.681
"USA","Int J Cardiol",79,371,21.5633423180593,0.112879178381756,0.0259298111612335,0.209877136787286,0.11857459908362,0.0327208634269138,0.217687559632385,0.002
"USA","Int J Environ Res Public Health",54,206,58.252427184466,0.0358720930232558,-0.0444331015542595,0.161938123372086,0.0405878552971576,-0.0505777309068472,0.172986182800472,0.58
"USA","Int J Pediatr Otorhinolaryngol",68,244,40.1639344262295,0.0205665827975026,-0.0854428906489405,0.117442509551381,0.0250116484950145,-0.081078132878106,0.123827859281047,0.718
"Japan","Intern Med",119,579,18.6528497409326,0.0565073186623081,0.0196688380993564,0.121632654541829,0.0612075090710972,0.0261713690615526,0.12722235863626,0.059
"USA","Invest Ophthalmol Vis Sci",52,246,40.2439024390244,0.0927525988750478,-0.0135235891234947,0.141865033871935,0.0978605294931825,-0.00696657176355926,0.144095316171697,0.057
"Iran","Iran J Med Sci",67,245,40,0.19185293164885,0.023953443877551,0.254653584575313,0.196833495302883,0.0334338438645317,0.246527613249479,0.001
"Iran","Iran J Public Health",69,296,27.7027027027027,0.0634500924448497,-0.00694513923282225,0.137701947913466,0.069480174107482,-0.00354547615902339,0.146662096193154,0.174
"USA","J Acoust Soc Am",126,369,30.0813008130081,0.139283469516028,0.0539899562734621,0.276756480239572,0.141842132830505,0.0572574608104374,0.28124919479579,0.01
"USA","J Acquir Immune Defic Syndr",61,367,47.4114441416894,0.0434974495855326,-0.0323654982776427,0.0896800553218755,0.0475796796325652,-0.0292513131119161,0.0927723638912912,0.195
"USA","J Affect Disord",56,305,48.8524590163934,0.104165130171842,0.0484117157835764,0.265128504681193,0.108607819597753,0.0515168103274732,0.264780703365059,0.013
"USA","J Am Acad Dermatol",52,183,46.448087431694,0.0524129651860744,-0.0772787682863114,0.208217105263158,0.0567003944434917,-0.0790630590046413,0.195323648326852,0.444
"USA","J Am Board Fam Med",58,289,53.2871972318339,0.0549033418081037,-0.0216475077685395,0.138019794503063,0.059249887384808,-0.0203170646406432,0.153970190779309,0.222
"USA","J Am Chem Soc",239,887,23.9007891770011,0.0674941060957832,0.0110316249627041,0.135343778880401,0.0677410810518776,0.0128364602756601,0.131399825495265,0.025
"USA","J Am Coll Cardiol",76,212,20.7547169811321,0.046585359085359,-0.0668644576898748,0.101035551619433,0.0526581553367267,-0.0560248597422736,0.110589761949875,0.578
"USA","J Am Coll Radiol",57,201,32.8358208955224,0.0584872534872535,-0.051774343914252,0.131822640566062,0.0610702260702261,-0.0510104726347935,0.137609059877627,0.393
"USA","J Arthroplasty",98,459,18.082788671024,0.0802742886439375,0.0121071791787815,0.149702699730075,0.0833440143552936,0.0212038177521327,0.152738720463348,0.025
"USA","J Bacteriol",74,271,42.4354243542435,0.0505249822641126,-0.0535304974981112,0.113064114768133,0.0551823418127765,-0.0409192965007353,0.120989825161396,0.377
"USA","J Biol Chem",163,609,40.3940886699507,0.0100808528746444,-0.037488341660675,0.0832810583303615,0.013374506334595,-0.0345331347912596,0.080773125704432,0.778
"USA","J Biomech",66,260,28.4615384615385,0.105080887338952,0.0182067688817515,0.189745325183857,0.113835609803352,0.0346381513249267,0.198075988437409,0.066
"USA","J Bone Joint Surg Am",56,255,12.5490196078431,0.0669375934230194,-0.0655161229928307,0.141548515497406,0.0770272795216741,-0.0560715404928371,0.154168996044297,0.183
"India","J Cancer Res Ther",63,221,41.6289592760181,-0.00866475676890233,-0.0922516125436098,0.12651007822798,-0.00248286709358503,-0.0802805409353092,0.128744912851359,0.885
"Italy","J Cardiovasc Med (Hagerstown)",65,567,31.9223985890653,0.0292525561919831,-0.0172912664824001,0.0865069684274266,0.0302996092519967,-0.0158730072489002,0.0829917397358429,0.169
"USA","J Cataract Refract Surg",60,269,23.4200743494424,0.11938225128239,0.0512548041306401,0.258351006970918,0.123624045087291,0.0581318165664641,0.260401436046991,0.016
"Germany","J Chem Phys",68,206,9.70873786407767,-0.10752688172043,-0.157408392434988,-0.0891063190088642,-0.0922939068100357,-0.138982226678842,-0.0713054866280671,0.147
"USA","J Chem Phys",225,667,15.4422788605697,0.10059331175836,0.0219272326343931,0.156361573220717,0.107163350088365,0.0306120004697611,0.165281750557226,0.009
"Canada","J Chem Theory Comput",53,149,16.1073825503356,0.0149444444444445,-0.0830071187034221,0.152214186825193,0.0298,-0.0650688261673461,0.16683606606962,0.874
"Germany","J Chem Theory Comput",118,344,14.5348837209302,0.0132426303854875,-0.0763889260977921,0.11940790636808,0.0234013605442177,-0.0637824666772034,0.140427305522111,0.842
"Italy","J Chem Theory Comput",60,216,26.3888888888889,-0.00099304865938421,-0.099606904713304,0.0815541693656884,0.00695134061569025,-0.0949550214993363,0.0773024904624441,1
"Spain","J Chem Theory Comput",54,187,17.1122994652406,-0.0179435483870968,-0.107950065748979,0.105887629717144,-0.00754032258064519,-0.0977889270709596,0.122274640299817,0.812
"USA","J Chem Theory Comput",443,1244,16.2379421221865,0.052423745253604,-0.000256971433495195,0.0883690633374501,0.0531626949368916,-0.0006392146371338,0.0932091073159241,0.09
"India","J Clin Diagn Res",466,1777,38.4355655599325,0.0785019439506446,0.0403206350176215,0.118893497158323,0.0799926449416815,0.0380385724442845,0.119795772664463,0.001
"USA","J Clin Microbiol",70,300,51,0.0425034482657531,-0.0545389496391735,0.0795158484342184,0.047949175600236,-0.0445048278941791,0.0903029128648234,0.377
"USA","J Clin Neurosci",77,355,21.1267605633803,0.03669277283563,0.00513921074051229,0.144186229361454,0.0390321457642887,0.00318203120202095,0.149932468141129,0.374
"USA","J Clin Oncol",74,339,40.7079646017699,0.0237795450157553,-0.0392653704716361,0.108192277566912,0.0253901721130793,-0.0381665147388839,0.102860461337762,0.598
"Turkey","J Craniofac Surg",92,425,22.8235294117647,0.0867540440868325,-0.0184956629182673,0.130325867919202,0.0912800687285222,-0.0128757837742094,0.142238400967209,0.023
"USA","J Craniofac Surg",76,272,23.1617647058824,0.000954044563067136,-0.0786460948308334,0.0939075544265969,0.00693508663433479,-0.0695186061523825,0.107942121307679,0.982
"Japan","J Dermatol",56,238,32.3529411764706,0.0147670135247775,-0.0665550706912937,0.10910162252597,0.0198381328816112,-0.0627047603041635,0.113500095406665,0.768
"Germany","J Dtsch Dermatol Ges",68,259,44.015444015444,-0.0200181488203267,-0.108885207255728,0.0422838441219461,-0.0125347852389596,-0.0983849796635989,0.0434809246919276,0.721
"USA","J Econ Entomol",73,271,27.3062730627306,0.150496998085831,0.040512667995273,0.257222291468573,0.157786743827353,0.0535289686522952,0.26998948155143,0.006
"USA","J Emerg Med",96,314,35.3503184713376,0.161105933519727,0.0240348967468637,0.269233971937666,0.16466663708043,0.0290924085748369,0.270041051106505,0.001
"USA","J Exp Biol",71,217,39.63133640553,-0.055713355819871,-0.162499307683787,0.0531244259025415,-0.0525105035800936,-0.159366120068778,0.057934289192549,0.425
"USA","J Exp Child Psychol",52,159,77.9874213836478,0.00716589861751152,-0.145366484021335,0.0890878305364861,0.0207603686635945,-0.129578390273717,0.0985034212528282,0.928
"USA","J Fam Pract",62,165,44.8484848484849,0.0623700623700624,-0.0922554880074901,0.215572833155571,0.0751410751410752,-0.074071515501748,0.229425679940794,0.476
"USA","J Hand Surg Am",53,174,17.816091954023,0.116850891044439,-0.0249730362230363,0.287640751447117,0.130836905030453,-0.0278118399751034,0.30594640547314,0.126
"USA","J Immunol",115,580,46.3793103448276,-0.0245289719464644,-0.0605972210713364,0.030318827117384,-0.0222453250101202,-0.060001313928381,0.029452799373416,0.431
"USA","J Med Internet Res",50,271,57.1955719557196,0.0977784424856335,-0.0293755299592125,0.154969029282556,0.104191865196208,-0.0208746658088598,0.156882902335673,0.021
"USA","J Mol Biol",75,260,39.6153846153846,-0.085735487689603,-0.150044147950964,0.000376290244320465,-0.080046290979443,-0.139556120246964,0.0058886338379284,0.146
"USA","J Neurophysiol",69,208,29.3269230769231,0.016261742792355,-0.121346401587944,0.0920165736273079,0.0186673888915442,-0.123796322489451,0.0955662486095122,0.822
"USA","J Neurosci",122,457,36.3238512035011,0.0768782543034189,-0.00834989986296923,0.13090605116321,0.0816270399878027,-0.000157550572677824,0.138508554935634,0.064
"USA","J Nurs Adm",60,231,90.4761904761905,0.0956937799043062,-0.043826899389365,0.176090580038279,0.103827751196172,-0.0364153487617635,0.188514867040854,0.07
"USA","J Org Chem",78,264,24.2424242424242,0.0368124999999999,-0.0562074395633547,0.139272649069375,0.046455357142857,-0.0475804738459478,0.14223248163241,0.568
"USA","J Orthop Trauma",95,439,14.3507972665148,0.0538377210616319,-0.0201162248954546,0.0868243166598576,0.0573774880322498,-0.0200974855331252,0.0978344958659336,0.146
"USA","J Pediatr",81,291,45.7044673539519,0.11089817672572,-0.0211957237587592,0.141121363326831,0.118366667119879,-0.0128785698049139,0.146789408967515,0.048
"USA","J Pediatr Gastroenterol Nutr",56,238,45.3781512605042,-0.0270227920227919,-0.0661330997271833,0.100729589752568,-0.0214114434947767,-0.0607302010876874,0.103997096296908,0.64
"USA","J Pediatr Orthop",78,315,22.8571428571429,0.102623456790124,-0.0166213147745164,0.210396683953167,0.104895404663923,-0.0114057422315768,0.22302037814985,0.031
"USA","J Pediatr Surg",60,324,36.7283950617284,0.0397962111673937,-0.0291719626365675,0.0754541968088619,0.0422053699528591,-0.0294161172569368,0.077003890867992,0.297
"USA","J Phycol",136,478,36.6108786610879,0.0850165016501651,0.0036381481779604,0.170686064743761,0.0920242024202421,0.018263190839925,0.170878331863507,0.039
"USA","J Phys Chem",220,727,23.2462173314993,0.0160763140912025,-0.0493122380018821,0.0720039966005745,0.0193466078081463,-0.044651061815623,0.0698394302105977,0.654
"USA","J Phys Chem Lett",111,374,19.2513368983957,0.0735809623088872,-0.0476682129593305,0.140641389505487,0.0759536657439526,-0.0487745256522642,0.140785747441678,0.133
"USA","J Public Health Manag Pract",60,239,58.5774058577406,0.112228234728235,0.0128888779038236,0.207070030395456,0.115821308321308,0.0248533630778851,0.214553603896104,0.044
"USA","J Res Natl Inst Stand Technol",90,269,14.8698884758364,0.0485152838427947,-0.0441171049773436,0.137156327501674,0.0567758369723436,-0.0329188590708559,0.148901252713882,0.453
"USA","J Shoulder Elbow Surg",71,340,15.8823529411765,0.0120496787163454,-0.0426801851809328,0.0846491088992231,0.0174023507356841,-0.0392680675566687,0.0837030894266203,0.755
"USA","J Strength Cond Res",76,325,28.6153846153846,0.0450037078235076,-0.0164085883379713,0.149328855577142,0.0484527561488074,-0.021544837188772,0.145524609732233,0.328
"USA","J Subst Abuse Treat",57,259,55.984555984556,-0.0249052228271829,-0.0833874183702753,0.0834951908324549,-0.0242550581434429,-0.0801294325591059,0.0831027084774721,0.606
"USA","J Surg Res",62,356,33.7078651685393,0.0798005784234598,-0.00854949120848448,0.157296351001915,0.0832753788897856,-0.004472698375177,0.155333620504195,0.02
"USA","J Thorac Cardiovasc Surg",70,230,20,0.106237060041408,-0.00284614145418361,0.147217264271237,0.108128058535667,0.00476746853284375,0.14708975319738,0.103
"USA","J Thorac Dis",59,177,20.9039548022599,0.0785521235521236,-0.0514590787738881,0.1894140625,0.0870518477661335,-0.0465910548344864,0.206896880078244,0.336
"USA","J Trauma Acute Care Surg",122,748,31.4171122994652,0.087750778615529,0.0221695363071276,0.117104799215613,0.0899092450367801,0.0248331156700645,0.118852162433243,0
"Poland","J Ultrason",72,242,43.3884297520661,0.0640760050979029,-0.0294408381214054,0.188222712969124,0.0684138570269957,-0.0277844416995304,0.175752627147276,0.306
"USA","J Ultrasound Med",60,246,41.869918699187,0.170480005431462,0.0550731522733678,0.236706597425997,0.174374169519801,0.0528065609755802,0.235592367683818,0.002
"USA","J Urol",71,291,21.9931271477663,-0.0128831555283923,-0.0764056421928467,0.0600975432059141,-0.00876233313767727,-0.0693580969724658,0.074436745701012,0.789
"USA","J Vasc Interv Radiol",50,213,13.1455399061033,-0.0142857142857142,-0.071677460186798,0.0527837381916328,-0.00372035300606732,-0.0617838692838192,0.0599657541225845,0.81
"USA","J Virol",131,625,40.8,0.0140041242982419,-0.0213129929895134,0.0584438319354899,0.0153523499111734,-0.021236657190396,0.0578677140791534,0.62
"USA","J Vis Exp",71,228,41.6666666666667,-0.0162835660580022,-0.137235468743141,0.0476083047456917,-0.00973863229502331,-0.127877247907013,0.0563829402144066,0.804
"USA","JAAD Case Rep",52,171,46.7836257309942,0.0259890109890111,-0.107098741656931,0.147492207698877,0.0344505494505496,-0.0910607969495727,0.154985151694711,0.735
"USA","JAMA",191,505,33.8613861386139,0.145571430238937,0.078575188615993,0.272118687681796,0.147808184799991,0.0859765293654879,0.274493649965575,0.003
"USA","JAMA Dermatol",73,278,52.5179856115108,-0.014694579669673,-0.114168266406062,0.055777774157344,-0.010600242776457,-0.107143832348144,0.0497807302020261,0.793
"USA","JAMA Intern Med",96,275,37.8181818181818,0.0443657219973009,-0.0458196216036114,0.199055094078035,0.0487095141700405,-0.0377632971336927,0.211991830984763,0.484
"USA","JAMA Oncol",61,178,41.0112359550562,0.220148253572911,0.0178592657798541,0.280705411458193,0.227720650734349,0.0202414060959679,0.285796967907881,0.004
"USA","JAMA Ophthalmol",61,186,31.7204301075269,0.0376885092753236,-0.113559219949247,0.140324999104468,0.0459228613372481,-0.112009105583382,0.145569171364212,0.628
"USA","JAMA Surg",66,196,29.5918367346939,0.225914820367594,0.0082995190931336,0.269806295399516,0.233994114054084,0.0299316982391708,0.271114249482822,0.002
"USA","JBJS Rev",79,290,12.0689655172414,-0.00403361344537811,-0.0484168443298915,0.0930791203213554,0.00232092837134862,-0.0381605113720046,0.100459796688102,0.944
"Poland","Kardiochir Torakochirurgia Pol",60,333,30.6306306306306,0.0405650138843416,-0.0153162747917211,0.138640553330965,0.0448863154077058,-0.0140031526556886,0.143735720735311,0.279
"Poland","Kardiol Pol",61,362,29.5580110497238,0.10096267383788,-0.000887969656457516,0.132862405255836,0.103611051054701,0.00524350935102433,0.1322409891235,0.005
"Sweden","Lakartidningen",56,156,37.8205128205128,0.121369910885899,-0.0312777430333148,0.253716066208941,0.131067621876638,-0.0264655932613262,0.258480902131525,0.177
"United Kingdom","Lancet",66,212,29.2452830188679,0.143207373271889,0.0181682903233757,0.329202142039423,0.14665726388307,0.0239973749281413,0.320990073146644,0.047
"USA","Lancet",85,252,30.5555555555556,-0.0294025974025974,-0.0878715294491316,0.120124091312009,-0.0223896103896104,-0.0703807686707944,0.126838104631132,0.662
"USA","Langmuir",93,340,29.1176470588235,0.132842317301012,0.0404024376907154,0.239922089593968,0.135702555544125,0.0414670880232795,0.235977396572087,0.01
"USA","Laryngoscope",66,251,28.6852589641434,0.115813159528243,0.0081528618471142,0.175322826143826,0.121629016286837,0.0089368196617752,0.185650774557369,0.036
"USA","Mayo Clin Proc",67,204,27.9411764705882,0.190379577060565,0.0104188982539054,0.252227192782739,0.199487380582977,0.0196140858601345,0.255581967344136,0.01
"USA","MBio",66,270,40.7407407407407,-0.0150568181818181,-0.11907848883143,0.0431433354083811,-0.0118161525974025,-0.113918921128364,0.0325790780679807,0.783
"USA","Med Care",65,314,51.2738853503185,0.147551001076759,0.050160944041119,0.282798884829798,0.15003167128365,0.0565984347328621,0.288495751264033,0
"Australia","Med J Aust",72,237,44.7257383966245,0.0812375259768318,0.0091951095877617,0.235384192865938,0.0877962901997901,0.0229748231163179,0.238028847421853,0.207
"Iran","Med J Islam Repub Iran",61,283,32.5088339222615,0.0800881814141545,-0.0265590952553215,0.163084193361883,0.0859325712984943,-0.0217484445512699,0.157737685542502,0.059
"France","Med Sci (Paris)",69,229,49.7816593886463,0.145676444074613,0.0291425000361367,0.236551363845218,0.151491574786769,0.0276114739302703,0.25069881527525,0.03
"Canada","Med Sci Sports Exerc",97,535,33.6448598130841,0.15845390524968,0.0872521453039995,0.195202347832545,0.161853909653205,0.0878554710393369,0.200122030798598,0
"United Kingdom","Med Sci Sports Exerc",77,361,35.4570637119114,0.0966123479971388,0.0484807818072032,0.210744272533968,0.0998416370750733,0.0513165987237314,0.210350906813898,0.023
"USA","Med Sci Sports Exerc",570,2543,41.1325206449076,0.113476025741762,0.0753978495400141,0.149738275464387,0.113788759104486,0.075441893881468,0.151577647744772,0
"Italy","Medicine (Baltimore)",55,461,32.3210412147505,0.03074017630117,-0.00845214498950783,0.0806204862482293,0.0331059084074293,-0.00633338601930234,0.0856086915311226,0.228
"USA","Medicine (Baltimore)",54,338,40.5325443786982,0.0532837492528091,-0.0241039834265665,0.0975900856887381,0.0595215143041704,-0.016126236741836,0.102526923575417,0.121
"USA","Mil Med",140,568,41.3732394366197,0.178547306206881,0.08954345599423,0.225688374626215,0.182058382058382,0.0816708858048081,0.232705530000174,0
"USA","Mol Biol Cell",61,233,35.6223175965665,0.00405756358768405,-0.0783942161616131,0.0729313167910962,0.00971390323197552,-0.0800438817727136,0.0919194574746101,0.951
"USA","Mol Cell",52,176,32.3863636363636,-0.0122299212082494,-0.12327922755019,0.090759723035357,-0.00634265402067258,-0.124531689274727,0.0838834348775555,0.867
"USA","Mol Cell Oncol",54,133,32.3308270676692,-0.122652885443583,-0.259334018553658,0.0208336003503262,-0.114556416881998,-0.257558437466946,0.0385111753512666,0.287
"USA","Multivariate Behav Res",60,143,21.6783216783217,0.0321140552995391,-0.109590392273161,0.230887149638934,0.0343221966205837,-0.0979246488541185,0.23668660340289,0.753
"USA","N Engl J Med",192,554,29.6028880866426,0.0646590522083018,-0.00462598471666107,0.110733801934495,0.0652293858684573,-0.00283096068726252,0.106899529806712,0.144
"New Zealand","N Z Med J",76,308,36.6883116883117,0.0525739354057938,-0.0324273268211245,0.118028676896549,0.0579078738370774,-0.0220114326257439,0.130119842457801,0.286
"USA","Nat Commun",65,289,23.8754325259516,0.131206617273811,0.0419763783690026,0.201752488895724,0.135447373224053,0.0474839301974924,0.203631107863101,0.004
"USA","Nature",84,234,23.0769230769231,0.0579012345679013,-0.0719617123387557,0.365956729309821,0.0614357864357864,-0.0720411401416658,0.382385890480253,0.467
"Netherlands","Ned Tijdschr Geneeskd",71,234,50,0.107407407407407,-0.0309609326613836,0.189420201771032,0.113960113960114,-0.0213897829430917,0.196411298566074,0.088
"USA","Neuroimage",65,258,33.3333333333333,0.039930031209101,-0.0437490377104904,0.130613239777532,0.0448202959830867,-0.0377658434806264,0.138502007127329,0.487
"India","Neurol India",73,237,15.1898734177215,0.00649530127142073,-0.122461525593844,0.151209599982952,0.0163764510779436,-0.116878197149753,0.158245579096319,0.934
"USA","Neurology",133,513,34.8927875243665,0.108082805726116,0.0437453280824204,0.188435829369587,0.108481133885173,0.0367807626596321,0.184428334686676,0.014
"USA","Neuron",96,311,24.4372990353698,0.0030935050391937,-0.0431660745831526,0.14475125121723,0.00812616648002984,-0.0465236268640037,0.15414876703504,0.96
"USA","Neurosci Lett",52,202,40.0990099009901,0.0952147740026528,-0.0698863521196784,0.154184566077433,0.101922058487715,-0.0610491715850732,0.154241683223217,0.128
"USA","Neurosurgery",85,348,14.367816091954,-0.0302039571167089,-0.0665949266449426,0.0239866367040986,-0.0236059443911793,-0.0608085048878817,0.0257330883476274,0.498
"USA","Nucleic Acids Res",85,339,30.3834808259587,-0.027378378984846,-0.0785463815249972,0.0778140860347508,-0.0238561565964067,-0.0740126724001277,0.0800546887697277,0.556
"USA","Obstet Gynecol",128,516,59.8837209302326,-0.0110438584701739,-0.0198076671677974,0.114512156803206,-0.00913770132601605,-0.0245904871796613,0.11386180207926,0.76
"USA","Oncotarget",72,315,39.6825396825397,0.0547230769230769,-0.0170715140169283,0.159831022308227,0.0609801619433198,-0.00464474525146638,0.164378309798782,0.231
"USA","Ophthal Plast Reconstr Surg",61,245,33.469387755102,-0.049659584019153,-0.108125422196244,0.0342507194300536,-0.0403043792707866,-0.0954500686034405,0.0526296410322966,0.338
"USA","Ophthalmology",57,194,39.1752577319588,0.0272598870056497,-0.0977571164460434,0.122045549797266,0.0322083457230647,-0.08319008888095,0.130759170558247,0.698
"USA","Org Lett",93,277,22.7436823104693,0.0494090886614251,-0.0371109016113664,0.157619864775836,0.0534193739801216,-0.0372098811006612,0.167222934297195,0.439
"USA","Orthop Clin North Am",53,152,9.21052631578947,0.0296756383712906,-0.0915332700065672,0.149207773707774,0.0524499654934437,-0.0675629162796064,0.161236228513991,0.762
"USA","Orthop J Sports Med",104,555,16.036036036036,0.100196164206146,0.0129855383786843,0.158338973544605,0.102785566172266,0.0177826248267479,0.16711431134707,0.005
"USA","Otol Neurotol",77,318,24.5283018867925,0.181217948717949,0.0670037556996577,0.278347913869823,0.185322039072039,0.0713482582232582,0.289192411340927,0
"USA","Otolaryngol Head Neck Surg",115,483,28.3643892339545,0.173320745960086,0.0814410320505494,0.262344713196763,0.175840681827771,0.0783701175639112,0.270880684737583,0
"USA","Pain",62,375,37.0666666666667,0.115295041096773,-0.00357402953851665,0.116566713001708,0.11944384619973,0.000113317112164757,0.128470557726146,0.001
"Morocco","Pan Afr Med",107,397,22.9219143576826,0.273301115317922,0.154382941493441,0.406926712820596,0.279312437225603,0.158228680250583,0.402252058639175,0
"Tunisia","Pan Afr Med",77,203,58.6206896551724,0.290569561157796,0.129965151618123,0.381111405960001,0.300221755368814,0.142894808183878,0.379275336879721,0.001
"USA","Pediatr Crit Care Med",107,341,40.7624633431085,0.185290381556141,0.102162222668957,0.274994046423243,0.188243464634233,0.103590389026334,0.289382613387631,0
"USA","Pediatr Emerg Care",77,292,45.5479452054795,0.0808075895038585,-0.0389152520904277,0.133273388458822,0.0835554744903588,-0.0313936647934776,0.135107137230216,0.121
"USA","Pediatrics",53,210,49.5238095238095,0.170990566037736,-0.0116998910312638,0.188292199280402,0.175957002902758,-0.000462143083178946,0.201593425790328,0.002
"USA","PeerJ",105,379,39.0501319261214,0.0662885752171466,-0.0337611280354449,0.121409437032117,0.0692068227782513,-0.0350971834184215,0.130886195429541,0.164
"USA","PET Clin",61,166,22.8915662650602,-0.137609649122807,-0.20834068627451,0.0304338672051631,-0.125137061403509,-0.198803478104759,0.0507915532449406,0.116
"Poland","Pharmacol Rep",55,254,60.2362204724409,0.0133212200771898,-0.0509587140343664,0.0884541140934968,0.0155083575584449,-0.0387568922924663,0.0944789696745615,0.772
"Germany","Phys Chem Chem Phys",91,357,22.4089635854342,-0.00179302045728036,-0.0817429038907395,0.0723592830471726,0.00356723826714805,-0.0829824849624072,0.0794465991237902,0.983
"USA","Phys Chem Chem Phys",103,339,21.8289085545723,0.116629270780214,0.00437584916714007,0.198648682707751,0.125537262329715,0.00518322205336648,0.195728604542387,0.028
"USA","Phys Rev E Stat Nonlin Soft Matter Phys",53,131,12.2137404580153,0.252445652173913,0.067809277672559,0.473325381679389,0.272916666666667,0.10135136907361,0.476885371280245,0.028
"USA","Phys Rev Lett",61,183,15.3005464480874,-0.00696181698485843,-0.0541768226241266,0.10132278559092,0.00311224489795919,-0.0451969602173003,0.114987561373523,0.935
"USA","Physiol Behav",67,268,44.4029850746269,0.166888231802788,0.0480930167308367,0.252572831499641,0.171264747509742,0.0491911868830364,0.266495008106942,0.004
"USA","Plast Reconstr Surg",184,703,25.3200568990043,0.0644279429624534,-0.00459523305129012,0.172161197051961,0.0653284245033843,-0.00826073854524261,0.172019899866934,0.042
"USA","PLoS Comput Biol",56,177,23.728813559322,0.0749382716049384,-0.0800685237651294,0.149121974702348,0.078042328042328,-0.0737291995779036,0.152596182191151,0.319
"USA","PLoS Genet",54,226,35.3982300884956,0.0615582191780821,-0.0108209335909014,0.1489029024145,0.0652501902587519,-0.00250673346003386,0.151935971106546,0.28
"Australia","PLoS ONE",155,682,43.108504398827,0.0931713971793922,0.00131985044778828,0.10164553654437,0.0963104547169874,0.00859982859318909,0.10371290213637,0.002
"Brazil","PLoS ONE",109,606,54.2904290429043,0.0762428033526318,0.00781815069582088,0.127465208568841,0.0797315620052719,0.0148450794314327,0.130139807034864,0.009
"Canada","PLoS ONE",173,710,42.5352112676056,0.0833625612185215,0.0115160629346359,0.113883031112217,0.086895825574244,0.0168433615534465,0.115216367114822,0.01
"France","PLoS ONE",111,594,45.6228956228956,0.0460262333715774,-0.0115055927152972,0.0657542436727522,0.0485787400996522,-0.0113796887986725,0.067852819461514,0.113
"Germany","PLoS ONE",305,1612,38.2133995037221,0.0421940075830082,0.00308125966934008,0.0634458236918098,0.0435358863693286,0.00639789785615707,0.0665575870201826,0.015
"India","PLoS ONE",61,233,35.1931330472103,-0.0353285491227665,-0.0902626309606381,0.106871338293331,-0.0291673396866419,-0.0805226635690799,0.117135723872716,0.548
"Italy","PLoS ONE",150,1002,49.2015968063872,0.0569698018579611,-0.00134652913087762,0.0638928148914593,0.0586602705766082,0.0013237391029639,0.0663498533432411,0.001
"Japan","PLoS ONE",105,483,21.9461697722567,-0.022861718632701,-0.0543438116807682,0.0554614930896897,-0.0209930684149942,-0.0481815309209271,0.0538042438468025,0.512
"Netherlands","PLoS ONE",109,552,39.6739130434783,0.122397259383561,0.0513208807164422,0.184323612757048,0.126716326716327,0.057199740939572,0.196510751193127,0
"Poland","PLoS ONE",66,370,52.7027027027027,0.0874420481479305,0.0235737659951881,0.171270865452619,0.0909647800067968,0.0293472949874761,0.174010945772408,0.013
"Spain","PLoS ONE",79,421,48.6935866983373,0.0663055795335427,-0.0196288579792896,0.087578349251281,0.0691721152697653,-0.0155827208117846,0.0875966885962623,0.046
"Sweden","PLoS ONE",76,294,51.3605442176871,0.0270087528365674,-0.0795504211151834,0.102010327139964,0.0315102116426619,-0.0717721361949755,0.112076066367958,0.578
"United Kingdom","PLoS ONE",171,703,46.0881934566145,0.0734994799149984,-0.00919061893560764,0.100095658126807,0.0754938542470304,-0.0160581509411695,0.103042790596846,0.026
"USA","PLoS ONE",1107,4686,39.5860008536065,0.092661718740001,0.0581103401968129,0.0997329797092643,0.0928003920455435,0.0573281686081232,0.0996709059121954,0
"Poland","Pol Merkur Lekarski",71,282,54.2553191489362,0.171778892435527,0.052273552718468,0.23598516157547,0.176863613662519,0.0522770939100744,0.244657638078307,0.001
"France","Presse Med",86,349,38.9684813753582,0.0264248892045081,-0.0549638838540909,0.0799551937938486,0.0301624699175445,-0.0474762192135358,0.0897128727053812,0.553
"USA","Prev Med",58,240,56.25,0.000741809630698531,-0.0729812558731665,0.0806449773499895,0.0109240553684998,-0.0627806698288586,0.0966626899073787,0.984
"USA","Proc Natl Acad Sci USA",423,1662,29.9037304452467,0.0290308658839662,-0.00057213702620158,0.0731332821807108,0.029152201532248,-0.00148332356087397,0.0713478020507532,0.197
"USA","Proc Roy Soc B",71,287,40.0696864111498,0.056979271991911,-0.0396762852212919,0.12283943444009,0.0631801202112122,-0.0416543965357488,0.133200055068199,0.285
"USA","Psychiatr Serv",104,437,54.4622425629291,0.0318883332227364,-0.0500188279120258,0.08039118836076,0.0346774136790395,-0.0482465763956268,0.0822591711880207,0.439
"USA","Psychiatry Res",73,379,46.4379947229551,0.0863376019164197,-0.00146698508248067,0.144194490599005,0.0915986039138749,0.00221638915153947,0.146801667908596,0.02
"USA","Psychoneuroendocrinology",55,245,62.0408163265306,0.0626061120543294,-0.0473443368867201,0.135933172003979,0.065984012450481,-0.0454226019301611,0.144618165493022,0.229
"USA","Radiographics",60,291,31.6151202749141,0.188891403185701,0.0529650402865712,0.287486098339239,0.194697348023763,0.0590359660888337,0.296962952334161,0.001
"USA","Radiology",61,317,26.813880126183,0.213993810167745,0.0508209010917886,0.271082152634314,0.217032321549309,0.0585047401558105,0.261842371988203,0
"USA","Retina (Philadelphia Pa)",61,261,19.5402298850575,0.0212838468720822,-0.046507151140172,0.0986100056759839,0.0293113912231558,-0.0350554029266947,0.108159954320699,0.667
"Brazil","Rev Bras Ortop",191,1009,9.61347869177403,0.14779891632001,0.030679766838166,0.216649021571873,0.15030269689114,0.0365627437150258,0.22634360514727,0
"Spain","Rev Esp Cardiol (Engl Ed)",72,318,29.2452830188679,0.122498264777835,0.0147186222974038,0.184082940987748,0.126678955453149,0.0174433197303589,0.188524308465027,0.002
"France","Rev Infirm",52,137,74.4525547445255,0.0214285714285714,-0.122580559385617,0.177828806642813,0.0358169934640522,-0.115259052896521,0.194044694261654,0.84
"Mexico","Rev Med Inst Mex Seguro Soc",90,361,37.6731301939058,0.112780423280423,0.0213525162410432,0.237268093050347,0.119027194211018,0.0262329080944196,0.239177280314028,0.003
"Romania","Rom J Morphol Embryol",65,404,62.6237623762376,0.102478893134077,0.0207330572670313,0.169031625424986,0.107086858352466,0.0268269177248355,0.175650247437867,0.001
"Germany","Sci Rep",93,427,34.8946135831382,0.0877194888384594,0.0259247108640071,0.153560665186125,0.0915004908824617,0.0341252058622356,0.160200313548607,0.025
"Italy","Sci Rep",56,350,50.8571428571429,0.133048554021248,0.0425190934152484,0.187064622297642,0.138486886919079,0.0443860218012749,0.192703684472778,0
"Japan","Sci Rep",52,199,16.0804020100502,0.0590305995152552,-0.0525686551871789,0.109920069171547,0.0693779851012261,-0.0399455366213726,0.128438959788751,0.398
"USA","Sci Rep",221,892,32.7354260089686,0.024348735232297,-0.015307634305344,0.0762552270279274,0.0248222258461985,-0.0123972744447758,0.0732893282410451,0.383
"USA","Sci Total Environ",93,376,36.1702127659574,0.110251651942828,0.00770437021494403,0.178426635038939,0.114139059469942,0.00827636290616886,0.183657531104815,0.011
"USA","Sex Transm Dis",55,277,67.5090252707581,-0.0220333116411547,-0.0630171942595061,0.06301094676722,-0.0162366428052702,-0.0610092276276266,0.0708407644417118,0.608
"USA","Soc Sci Med",76,268,60.4477611940299,0.17945381739931,0.0430200785306182,0.271662233029403,0.180778787172917,0.0522462885277533,0.27205251593422,0.002
"USA","Soft Matter",69,208,21.6346153846154,-0.0586684844353556,-0.167893405361804,0.0957712112122543,-0.0524608043626448,-0.162084495022875,0.0942014845947544,0.433
"USA","South Med J",59,249,47.7911646586345,0.0920509742358482,0.0037551685094523,0.233722866155769,0.0935273340105273,0.00796037625985454,0.227486424336677,0.078
"Turkey","Spine",59,259,17.7606177606178,0.304786691161462,0.14140927008354,0.46686907981416,0.313683064571001,0.134632108729871,0.485629939630654,0
"USA","Spine",134,657,13.2420091324201,0.103242666790761,0.0532999696995557,0.203102110630605,0.105050867664298,0.0484734514564883,0.206121899761681,0
"USA","Stroke",50,235,37.4468085106383,0.0525665862516512,-0.0376280712324956,0.134693917777328,0.055692871642547,-0.0292169340449035,0.13153385174117,0.29
"USA","Subst Use Misuse",55,188,55.8510638297872,0.12201950659782,-0.0388585004521838,0.175232213778261,0.127634346911455,-0.0243311638638975,0.171854525771152,0.099
"USA","Surg Pathol Clin",111,240,45.8333333333333,-0.0293706293706293,-0.174879214979579,0.151971673647034,-0.0223776223776224,-0.182494681800997,0.149922341434077,0.742
"France","Therapie",79,350,47.4285714285714,-0.02277235540628,-0.0638398828666187,0.0375970231358439,-0.0173776949229142,-0.0565038220564282,0.0440000644166923,0.594
"USA","Transl Androl Urol",72,196,21.4285714285714,0.161616161616162,0.0401768550272336,0.339035659370711,0.171717171717172,0.0318208300900027,0.324812810582072,0.035
"Turkey","Turk J Anaesthesiol Reanim",95,436,49.0825688073394,0.163199745442736,0.0645154461430699,0.239230215606608,0.167273044375848,0.0725795187740764,0.244938659093679,0
"Turkey","Turk J Urol",70,326,7.05521472392638,0.355123711128877,0.0754327968682036,0.532514687785276,0.365541274624357,0.115408064090514,0.538861908822073,0
"USA","Urol Case Rep",50,178,24.1573033707865,0.19005291005291,0.0372240918785248,0.294906664386769,0.199383946515729,0.041781128508394,0.314921280999453,0.002
"USA","Urology",70,249,19.2771084337349,0.0872408789386402,-0.0365623545361448,0.202266764869494,0.0980721393034827,-0.0244851951460666,0.210333883296277,0.149
"USA","Vaccine",100,459,47.276688453159,0.102631728632414,-0.00262241829808553,0.115345068703321,0.108174418794444,-0.00254418642822471,0.118381376911732,0.006
"USA","Virology",50,206,45.1456310679612,0.04901105175156,-0.0598615239262078,0.127112324956668,0.0563331203639512,-0.0682803254467361,0.130295271377197,0.392
"USA","World Neurosurg",128,524,14.1221374045802,0.0128210028210027,-0.0255424193106509,0.076114682719359,0.0188709618709618,-0.0194623195547603,0.0741633998805821,0.756
"Brazil","Zootaxa",114,287,32.0557491289199,-0.0238573021181716,-0.160374425218175,0.111090919164621,-0.0159977703455965,-0.139259178919249,0.115018850324975,0.76
"USA","Zootaxa",66,167,24.5508982035928,-0.206865401987353,-0.289662488130864,-0.0451565895598512,-0.188572719060524,-0.276756187986551,-0.0266585860281405,0.027
